{
	"credit": "Made with Blockbench",
	"textures": {
		"texture": "chill:none"
	},
	"elements": [
		{
			"name": "PlaneX1",
			"from": [7.25, 0, -13.25],
			"to": [7.251, 18.25, 30.5],
			"faces": {
				"east": {"uv": [0, 0, 16, 16], "texture": "#texture"},
				"west": {"uv": [0, 0, 16, 16], "texture": "#texture"}
			}
		}
	],
	"gui_light": "front",
	"display": {
		"ground": {
			"translation": [0, 5, 0]
		},
		"gui": {
			"rotation": [0, -90, 0],
			"translation": [74, -15, 1],
			"scale": [0.0001, 4, 4]
		}
	}
}