{
  "parent": "minecraft:item/handheld",
  "textures": {
    "layer0": "minecraft:item/stick"
  },
  "overrides": [
    {"predicate": {"custom_model_data": 1 },"model": "chill:shop"},
    {"predicate": {"custom_model_data": 2 },"model": "chill:item/custom/icons/shop"},
    {"predicate": {"custom_model_data": 3 },"model": "chill:item/custom/icons/spellbook"},
    {"predicate": {"custom_model_data": 4 }, "model":"chill:item/custom/icons/class/cleric/high/temp"},
    {"predicate": {"custom_model_data": 5 }, "model":"chill:item/custom/icons/class/cleric/passive/healing_field"},
    {"predicate": {"custom_model_data": 6 }, "model":"chill:item/custom/icons/class/cleric/passive/less_hearts"},
    {"predicate": {"custom_model_data": 7 }, "model":"chill:item/custom/icons/class/cleric/special/temp"},
    {"predicate": {"custom_model_data": 8 }, "model":"chill:item/custom/icons/class/druid/high/temp"},
    {"predicate": {"custom_model_data": 9 }, "model":"chill:item/custom/icons/class/druid/passive/animals_follow"},
    {"predicate": {"custom_model_data": 10 }, "model":"chill:item/custom/icons/class/druid/passive/foliage_heal"},
    {"predicate": {"custom_model_data": 11 }, "model":"chill:item/custom/icons/class/druid/passive/less_hearts"},
    {"predicate": {"custom_model_data": 12 }, "model":"chill:item/custom/icons/class/druid/passive/vegetarian"},
    {"predicate": {"custom_model_data": 13 }, "model":"chill:item/custom/icons/class/druid/special/temp"},
    {"predicate": {"custom_model_data": 14 }, "model":"chill:item/custom/icons/class/fighter/high/temp"},
    {"predicate": {"custom_model_data": 15 }, "model":"chill:item/custom/icons/class/fighter/passive/haste"},
    {"predicate": {"custom_model_data": 16 }, "model":"chill:item/custom/icons/class/fighter/passive/more_hearts"},
    {"predicate": {"custom_model_data": 17 }, "model":"chill:item/custom/icons/class/fighter/passive/speed"},
    {"predicate": {"custom_model_data": 18 }, "model":"chill:item/custom/icons/class/fighter/passive/strength"},
    {"predicate": {"custom_model_data": 19 }, "model":"chill:item/custom/icons/class/fighter/special/temp"},
    {"predicate": {"custom_model_data": 20 }, "model":"chill:item/custom/icons/class/rogue/high/temp"},
    {"predicate": {"custom_model_data": 21 }, "model":"chill:item/custom/icons/class/rogue/passive/less_hearts"},
    {"predicate": {"custom_model_data": 22 }, "model":"chill:item/custom/icons/class/rogue/passive/longmob_aggro"},
    {"predicate": {"custom_model_data": 23 }, "model":"chill:item/custom/icons/class/rogue/passive/no_nametag"},
    {"predicate": {"custom_model_data": 24 }, "model":"chill:item/custom/icons/class/rogue/passive/silent_footsteps"},
    {"predicate": {"custom_model_data": 25 }, "model":"chill:item/custom/icons/class/rogue/special/temp"},
    {"predicate": {"custom_model_data": 26 }, "model":"chill:item/custom/icons/class/tank/high/temp"},
    {"predicate": {"custom_model_data": 27 }, "model":"chill:item/custom/icons/class/tank/passive/resistance"},
    {"predicate": {"custom_model_data": 28 }, "model":"chill:item/custom/icons/class/tank/passive/saturation"},
    {"predicate": {"custom_model_data": 29 }, "model":"chill:item/custom/icons/class/tank/special/temp"},
    {"predicate": {"custom_model_data": 30 }, "model":"chill:item/custom/icons/class/wizard/high/temp"},
    {"predicate": {"custom_model_data": 31 }, "model":"chill:item/custom/icons/class/wizard/passive/gain_enderpearl"},
    {"predicate": {"custom_model_data": 32 }, "model":"chill:item/custom/icons/class/wizard/passive/hit_glow"},
    {"predicate": {"custom_model_data": 33 }, "model":"chill:item/custom/icons/class/wizard/passive/less_hearts"},
    {"predicate": {"custom_model_data": 34 }, "model":"chill:item/custom/icons/class/wizard/special/temp"}
  ]
}