{
	"credit": "Made with Blockbench",
	"parent": "stick",
	"textures": {
		"0": "chill:item/chest",
		"particle": "chill:item/chest"
	},
	"elements": [
		{
			"from": [2, 0, 2],
			"to": [14, 8, 14],
			"faces": {
				"north": {"uv": [10.5, 10.75, 14, 8.25], "texture": "#0"},
				"east": {"uv": [7, 8.25, 10.5, 10.75], "texture": "#0"},
				"south": {"uv": [3.5, 8.25, 7, 10.75], "texture": "#0"},
				"west": {"uv": [0, 8.25, 3.5, 10.75], "texture": "#0"},
				"up": {"uv": [7, 4.75, 10.5, 8.25], "texture": "#0"},
				"down": {"uv": [3.5, 4.75, 7, 8.25], "texture": "#0"}
			}
		},
		{
			"from": [2, 8, 2],
			"to": [14, 12, 14],
			"faces": {
				"north": {"uv": [10.5, 4.75, 14, 3.5], "texture": "#0"},
				"east": {"uv": [7, 3.5, 10.5, 4.75], "texture": "#0"},
				"south": {"uv": [3.5, 3.5, 7, 4.75], "texture": "#0"},
				"west": {"uv": [0, 3.5, 3.5, 4.75], "texture": "#0"},
				"up": {"uv": [7, 0, 10.5, 3.5], "texture": "#0"},
				"down": {"uv": [3.5, 0, 7, 3.5], "texture": "#0"}
			}
		},
		{
			"from": [6, 7, 1],
			"to": [10, 9, 3],
			"faces": {
				"north": {"uv": [1.75, 0.25, 2.75, 0.75], "texture": "#0"},
				"east": {"uv": [3, 0.25, 2.75, 0.75], "texture": "#0"},
				"south": {"uv": [1.75, 0.75, 2.75, 1.25], "texture": "#0"},
				"west": {"uv": [2.75, 0.75, 3, 1.25], "texture": "#0"},
				"up": {"uv": [2.25, 0, 3, 0.25], "texture": "#0"},
				"down": {"uv": [1.5, 0, 2.25, 0.25], "texture": "#0"}
			}
		},
		{
			"from": [7, 6, 1],
			"to": [9, 10, 3],
			"faces": {
				"north": {"uv": [0, 0.25, 0.5, 1.25], "texture": "#0"},
				"east": {"uv": [0.5, 0.25, 0.75, 1.25], "texture": "#0"},
				"south": {"uv": [0.75, 0.25, 1.25, 1.25], "texture": "#0"},
				"west": {"uv": [1.25, 0.25, 1.5, 1.25], "texture": "#0"},
				"up": {"uv": [0.25, 0, 0.75, 0.25], "texture": "#0"},
				"down": {"uv": [0.75, 0, 1.25, 0.25], "texture": "#0"}
			}
		}
	]
}